Title,Price,Image
Machher Jhol,350.00,https://i2.wp.com/pickleyolkbooks.com/wp-content/uploads/2021/03/Machher-Jhol-Cover-300x206-1.png?resize=284%2C434&ssl=1
The Tree Boy,350.00,https://i1.wp.com/pickleyolkbooks.com/wp-content/uploads/2021/03/The-Tree-Boy-COVER-248x300-1.png?resize=284%2C434&ssl=1
Vee Loved Garlic,350.00,https://i0.wp.com/pickleyolkbooks.com/wp-content/uploads/2021/03/Vee-Loved-Garlic-Front-Cover-269x300-1.png?resize=284%2C434&ssl=1
Love Like That,350.00,https://i2.wp.com/pickleyolkbooks.com/wp-content/uploads/2021/03/Love-Like-That-low-res.png?resize=284%2C434&ssl=1
The Susu Pals,350.00,https://i2.wp.com/pickleyolkbooks.com/wp-content/uploads/2021/03/The-Susu-Pals-Front-Cover-21.jpg?resize=284%2C434&ssl=1
Giggi and Daddy,350.00,https://i0.wp.com/pickleyolkbooks.com/wp-content/uploads/2021/03/Giggi-Front-Cover-lr.jpg?resize=284%2C434&ssl=1
The Unboy Boy,350.00,https://i2.wp.com/pickleyolkbooks.com/wp-content/uploads/2021/03/The-Unboy-Boy-Front-Cover-400x470-1.jpg?resize=284%2C434&ssl=1
Dance of the Wild,350.00,https://i1.wp.com/pickleyolkbooks.com/wp-content/uploads/2021/03/Dance-of-the-Wild-Cover.png?resize=284%2C434&ssl=1
Boo! When My Sister Died,350.00,https://i1.wp.com/pickleyolkbooks.com/wp-content/uploads/2021/03/BooFront-Cover-low-res.png?resize=284%2C434&ssl=1
Thatha at School,350.00,https://i1.wp.com/pickleyolkbooks.com/wp-content/uploads/2021/03/Thatha-at-School-Front-Cover.jpg?resize=284%2C434&ssl=1
The Manic Panic,350.00,https://i0.wp.com/pickleyolkbooks.com/wp-content/uploads/2021/03/The-Manic-Panic-front-cover-doc-compressed.png?resize=284%2C434&ssl=1
The Middle,650.00,https://i2.wp.com/pickleyolkbooks.com/wp-content/uploads/2021/03/Untitled-1.png?resize=284%2C434&ssl=1
